source,reference,hypothesis
Koordináció,Coordonare,Coordonare
"A Közösség, amelyet a Bizottság képvisel, az Európai Beruházási Alap tagjává válik.",Comunitatea este membră a Fondului European de Investiţii. Ea este reprezentată de Comisie.,"Comunitatea, reprezentată de Comisie, devine membru al Fondului European de Investiții."
"(1) A Balti Bizottságnak a Bizottsághoz továbbított értesítését követően, miszerint a balti egyezmény egy másik szerződő partnere számára megállapított kvótát kimerítették, tilos az e kvótához tartozó állomány vagy állománycsoport az adott kvótából részesedett szerződő fél halászhajói által kifogott halmennyiségeinek a kirakodása vagy átrakodása az érintett szerződő partner által rögzített időponttól.","1. În urma unei notificări adresată Comisiei de Comisia Baltică privind epuizarea cotei alocate unei alte părţi contractante la Convenţia Baltică, orice descărcări la ţărm sau transbordări de capturi din rezerva sau grupului de rezerve supuse acestei cote efectuate de vasele de pescuit sub pavilionul părţii contractante căreia îi este alocată cota sunt interzise de la data fixată de acea parte contractantă.","(1) După notificarea Comisiei de către Comisia Baltică, potrivit căreia cuantumul stabilit pentru una dintre părțile contractante la convenția baltică a fost epuizat, se interzice debarcarea sau transbordarea cantităților de pește capturate de navele de pescuit ale părții contractante care a beneficiat de cuantumul respectiv, începând cu data stabilită de partea contractantă în cauză."
(9) mivel a 1990. október 29-i tanácsi határozat célul tűzte ki a Közösségben 2000-re a széndioxid (CO2) kibocsátásoknak az 1990-es szinten történő megőrzését; mivel e cél eléréséhez erőteljesebb intézkedések szükségesek a Közösségen belüli CO2-kibocsátások stabilizálása érdekében;,"(9) întrucât, în concluziile sale din 29 octombrie 1990, Consiliul a fixat obiectivul de a stabiliza, până în anul 2000, emisiile de bioxid de carbon (CO2) în cadrul Comunităţii la nivelurile anului 1990; întrucât, pentru a realiza acest obiectiv, se impun măsuri mai energice privind stabilizarea emisiilor de CO2 în interiorul Comunităţii;",(9) întrucât decizia Consiliului din 29 octombrie 1990 și-a propus ca obiectiv menținerea emisiilor de dioxid de carbon (CO2) la nivelul anului 1990 în Comunitate până în anul 2000; întrucât pentru atingerea acestui obiectiv sunt necesare măsuri mai puternice pentru stabilizarea emisiilor de CO2 în cadrul Comunității;
"(6) Ez a megerősítés szükséges a dokumentáció részletes vizsgálatának lefolytatásához, illetve ahhoz, hogy a tagállamok számára lehetséges legyen az érintett hatóanyagot tartalmazó növényvédő szerek használatának átmeneti engedélyezése az irányelv 8. cikkének (1) bekezdésével összhangban.","(6) Această confirmare este necesară atât pentru a permite examinarea amănunţită a dosarului, cât şi pentru a da statelor membre posibilitatea de a acorda o autorizaţie provizorie produselor fitosanitare care conţin această substanţă activă, în conformitate cu art. 8 alin. (1) al directivei.","(6) Această confirmare este necesară pentru efectuarea unei examinări detaliate a documentației, precum și pentru a permite statelor membre să autorizeze temporar utilizarea produselor fitosanitare care conțin substanța activă în cauză, în conformitate cu articolul 8 alineatul (1) din directivă."
"Amennyiben gumiabroncsok vagy járművek rendszeresen nem felelnek meg a jóváhagyott típusnak, akkor ezekkel az intézkedésekkel vissza is lehet vonni az EGK-típusjóváhagyást. Az említett hatóságok hasonlóan intézkednek, amennyiben más tagállam jóváhagyó hatósága a követelmények betartásának hiányáról értesíti őket.","Aceste măsuri pot duce, în cazul în care neconformitatea este sistematică, la retragerea omologării CEE. Autorităţile menţionate adoptă aceleaşi dispoziţii dacă sunt informate de autorităţile competente de omologare ale unui alt stat membru asupra existenţei unui defect de conformitate.","În cazul în care anvelopele sau vehiculele nu corespund în mod regulat tipului aprobat, aceste măsuri pot fi utilizate și pentru retragerea omologării de tip CE. Autoritățile menționate iau măsuri similare atunci când sunt informate de către autoritatea de omologare a unui alt stat membru cu privire la lipsa respectării cerințelor."
"mivel az e rendeletben előírt intézkedések összhangban vannak a Vámkódex Bizottság vám- és statisztikai nómenklatúrával foglalkozó részlegének a véleményével,","întrucât dispoziţiile din prezentul regulament sunt conforme cu avizul secţiei pentru nomenclatura tarifară şi statistică a Comitetului pentru Codul Vamal,","întrucât măsurile prevăzute în prezentul regulament sunt în conformitate cu avizul comitetului codului vamal, secțiunea nomenclatură vamală și statistică,"
"Portugália (kontinentális területek) _BAR_ 0,002323 _BAR_ 0,000232 _BAR_ 0,029213 _BAR_ 0,006880 _BAR_ — _BAR_ — _BAR_","Portugalia (continentală) 0,002323 0,000232 0,029213 0,006880 - -","Portugalia (teritorii continentale) _BAR_ 0,002323 _BAR_ 0,000232 _BAR_ 0,029213 _BAR_ 0,006880 _BAR_ — _BAR_ — _BAR_"
"mivel ebből következően szükséges összehangolni e módszerek részletes szabályait azért, hogy az eredmények összehasonlíthatóak legyenek;",întrucât este necesară o mai mare apropiere a strategiilor folosite în cadrul acestor metode în scopul obţinerii de rezultate comparabile;,"întrucât, în consecință, este necesar să se armonizeze normele detaliate ale acestor metode, pentru a face posibilă compararea rezultatelor;"
"""III. A. CÍM","""TITLUL III A",III. A. TITLUL
"Az Európai Parlament kellő időben véleményt alkot, amely lehetővé teszi a Tanács számára annak figyelembevételét, valamint a megadott határidőn belül történő határozathozatalt.","(4), în termen de două luni de la primirea propunerii din partea Comisiei. Parlamentul European emite avizul său în timp pentru ca Consiliul să ia act de acesta şi să hotărască în limita de timp stabilită.",Parlamentul European elaborează în timp util un aviz care să permită Consiliului să îl ia în considerare și să adopte o decizie în termenul stabilit.
"A tagállamok azonban előírhatják, hogy csak egy kérelem-formanyomtatványt kell kitölteni, ez esetben e kérelem egynél több szállítmányra vonatkozhat.","Cu toate acestea, statul membru poate prevedea completarea unui singur formular de cerere, caz în care cererea se poate referi la mai multe transporturi.","Statele membre pot prevedea totuși ca să fie completat numai un formular de cerere, caz în care această cerere poate viza mai multe transporturi."
A 104/2000/EK rendelet V. mellékletében megjelölt fajok esetében ugyanazon rendelet 9. cikke (1) bekezdésének a) pontjában említett értékesítési stratégia magában foglalja:,"Pentru speciile vizate în anexa V la Regulamentul (CE) nr. 104/2000, strategia de comercializare vizată la art. 9 alin. (1) lit. (a) din respectivul regulament cuprinde următoarele elemente:","În cazul speciilor menționate în anexa V la Regulamentul nr. 104/2000/CE, strategia de vânzare menționată la articolul 9 alineatul (1) litera (a) din același regulament include:"
2. a strukturális nehézségekkel küzdő térségek gazdasági és társadalmi szerkezetváltásának támogatása; a továbbiakban: 2. célkitűzés;,"2. sprijinirea conversiei economice şi sociale a zonelor care se confruntă cu dificultăţi structurale, denumită în continuare ""Obiectivul 2"";",2. sprijinirea reconstrucției economice și sociale a regiunilor confruntate cu dificultăți structurale; în continuare: obiectivul 2;
"Ennek a határozatnak az elfogadása után három hónappal a tagállamoknak tervet kell benyújtaniuk, amelynek célja, hogy a tagállamok által a saját területükön végzett járványügyi vizsgálat alapján meghatározza a fertőző vérképzőszervi elhalással (IHN) és a vírusos vérfertőzéssel (VHS) való fertőzöttség Közösségen belüli mértékét.","La trei luni de la adoptarea prezentei decizii, statele membre trebuie să prezinte un plan de evaluare, prin intermediul unui studiu epidemiologic efectuat în teritoriu, a ratei de infecţie cu necroza hematopoietică infecţioasă (NHI) şi cu septicemia hemoragică virală (SHV) la nivelul Comunităţii.","După adoptarea acestei decizii, statele membre trebuie să prezinte, în termen de trei luni, un plan al cărui obiectiv este de a determina, pe baza anchetelor epidemiologice efectuate de statele membre pe teritoriul lor, nivelul de infectare cu necroza hematopoietică infecțioasă (IHN) și cu hematopoietina virală (VHS) în interiorul Comunității."
"(2) Élő állatoknak harmadik országokból történő ezen irányelv alá eső behozatala, tranzitforgalma, valamint a Közösség területére, illetve azon át történő szállítása csak abban az esetben engedélyezett, ha a szállító:","(2) Importul, tranzitul şi transportul, pe teritoriul comunitar sau traversând teritoriul comunitar, de animale vii prevăzute în prezenta directivă şi care provin din ţări terţe nu sunt autorizate decât dacă transportatorul:","(2) Importul de animale vii din țări terțe, care intră sub incidența prezentei directive, tranzitul și transportul acestora pe teritoriul Comunității sau prin Comunitate sunt permise numai dacă transportatorul:"
"Ha szükséges, ezeket az adatokat a tárolási feltételek leírása követi, amelyeket be kell tartani, ha a terméket a megadott időszakon keresztül meg kívánják őrizni.","În caz de nevoie, aceste menţiuni sunt completate cu indicaţii privind condiţiile de conservare a căror respectare asigură valabilitatea indicată.","În cazul în care este necesar, aceste date sunt urmate de descrierea condițiilor de depozitare care trebuie respectate pentru a păstra produsul pe perioada specificată."
"(2) Megfelelő intézkedéseket hoznak annak biztosítására, hogy azokat a területeket, amelyeken az (1) bekezdés első albekezdésében említett tevékenységeket végzik, jól láthatóan határolják el és jelezzék vagy egyéb eszközökkel előzzék meg, hogy illetéktelen személyek bejuthassanak ilyen területekre.",2. Trebuie luate măsuri adecvate pentru ca zonele în care se desfăşoară activităţile menţionate la alin. (1) primul paragraf să fie clar delimitate şi semnalizate sau pentru ca accesul persoanelor neautorizate în aceste zone să fie evitat prin alte mijloace.,(2) Se iau măsuri adecvate pentru a asigura delimitarea clară și semnalizarea vizibilă a zonelor în care se desfășoară activitățile menționate la alineatul (1) primul paragraf sau se iau alte măsuri pentru a preveni accesul persoanelor neautorizate în astfel de zone.
Nyilvánosságra jutás,Divulgarea,Divulgare
"(4) Továbbra is fennállnak e téren a tagállamok közti különbségek a munkavállalók védelmének mértékét illetően, és ezeket a különbségeket csökkenteni kell.","(4) există încă diferenţe între statele membre în privinţa măsurii în care sunt protejaţi lucrătorii în acest sens, iar aceste diferenţe trebuie reduse.","(4) În continuare, există diferențe între statele membre în ceea ce privește nivelul de protecție a lucrătorilor și aceste diferențe trebuie reduse."
"Amennyiben a pénzügyi év végén a tartalékalap összege meghaladja az adott évre vonatkozó működési költségeket, a díjtételeket felülvizsgálják annak érdekében, hogy elkerülhető legyen hasonló helyzet bekövetkezése a következő év végén.","Ori de câte ori se constată că, la încheierea exerciţiului financiar, valoarea fondului de rezervă depăşeşte cheltuielile de funcţionare pentru exerciţiul respectiv, valoarea taxei trebuie revizuită pentru a preveni o situaţie similară la încheierea exerciţiului următor.","În cazul în care, la sfârșitul anului financiar, suma fondului de rezervă depășește cheltuielile de funcționare pentru anul respectiv, se revizuiesc tarifele pentru a evita o situație similară la sfârșitul anului următor."
"(3) a migráns munkavállalók szociális biztonságával foglalkozó igazgatási bizottság egyhangú véleményt nyilvánított,","(3) a fost obţinut avizul unanim al Comisiei administrative privind securitatea socială a lucrătorilor migranţi,","(3) Comitetul administrativ pentru securitatea socială a lucrătorilor migranți a exprimat un aviz unanimitar,"
2.,(2) Anexa la Regulamentul (CEE) nr.,2.
"(1) Az engedélyezésre jogosult tisztviselő feladatai elvégzéséről éves tevékenységi jelentés (a továbbiakban: ""az engedélyezésre jogosult tisztviselő jelentése"") formájában tesz jelentést az igazgatótanácsnak, amellyel egyidejűleg pénzügyi és igazgatási tájékoztatást is ad.","(1) Ordonatorul de credite raportează consiliului de administraţie cu privire la îndeplinirea sarcinilor sale sub forma unui raport anual de activitate (în continuare ""raportul ordonatorului de credite""), însoţit de informaţii financiare şi de gestionare.","(1) Funcționarul abilitat să autorizeze își îndeplinește sarcinile prin prezentarea unui raport anual de activitate (denumit în continuare ""raportul funcționarului abilitat să autorizeze"") către consiliul de administrație, însoțit în același timp de informații financiare și administrative."
Ezért a fogyatékossággal élő emberek különleges igényeit az intézkedések és eredmények tekintetében is figyelembe kell venni.,"În consecinţă, se cuvine să se ţină cont de nevoile speciale ale persoanelor cu handicap în materie de acces la activităţi, precum şi la rezultate.","Prin urmare, necesitățile speciale ale persoanelor cu dizabilități trebuie luate în considerare atât în ceea ce privește măsurile, cât și rezultatele."
"mivel a 2392/86/EGK rendeletben [3] előírt intézkedéseknek megfelelően rugalmasnak kell lenniük ahhoz, hogy azokat a borpiac közös szervezésének fejlődéséhez lehessen igazítani; mivel Spanyolország, Görögország és Portugália esetében a szőlőkataszter bevezetése során felmerült technikai nehézségek szükségessé teszik a 2392/86/EGK rendelet 4. cikke (4) bekezdésében meghatározott határidők meghosszabbítását,","întrucât măsurile prevăzute în Regulamentul (CEE) nr. 2392/863 trebuie să fie suficient de flexibile pentru a permite adaptarea la evoluţiile organizării comune a pieţei vitivinicole; întrucât dificultăţile tehnice întâlnite de Spania, Grecia şi, respectiv, Portugalia la întocmirea unui registru al plantaţiilor viticole duc la extinderea termenului limită prevăzut în art. 4 alin. (4) din Regulamentul (CEE) nr. 2392/86,","întrucât măsurile prevăzute în Regulamentul (CEC) nr. 2392/86 [3] trebuie să fie suficient de flexibile pentru a putea fi adaptate la evoluția organizării comune a pieței vinului; întrucât dificultățile tehnice întâmpinate în timpul introducerii cadastrului viticol în Spania, Grecia și Portugalia necesită prelungirea termenelor stabilite la articolul 4 alineatul (4) din Regulamentul (CEC) nr. 2392/86,"
"A regionális támogatás felső határai csak abban az esetben alkalmazandók, ha a beruházás végrehajtásának helye szerinti régió, valamint az az ágazat, amelybe a kedvezményezett besorolható, egyaránt jogosult regionális támogatásra.","Plafoanele ajutoarelor regionale ar trebui să se aplice numai dacă atât regiunea în care se realizează investiţia, cât şi sectorul din care face parte beneficiarul sunt eligibile pentru acordarea de ajutoare regionale.","Pragurile superioare ale ajutorului regional se aplică numai în cazul în care regiunea în care se realizează investiția, precum și sectorul în care poate fi clasificat beneficiarul, sunt ambele eligibile pentru ajutor regional."
A rendelet szövege a következő 6a. cikkel egészül ki:,Se inserează următorul art. 6a:,Textul regulamentului se completează cu următorul articol 6a:
(3) Az ebben a cikkben szereplő intézkedéseket a 17. cikkben meghatározott eljárásnak megfelelően hajtják végre.,3. Măsurile prevăzute în prezentul Articol vor fi luate în conformitate cu procedura descrisă în art.17.,(3) Măsurile prevăzute în prezentul articol se pun în aplicare în conformitate cu procedura stabilită la articolul 17.
(4) A (2) és (3) bekezdés rendelkezéseitől eltérni a kereskedelmi ügynök hátrányára nem lehet.,"4. Nu sunt permise acorduri de derogare de la alin. (2) şi (3), în detrimentul agentului comercial.",(4) De la dispozițiile alin. (2) și (3) nu se poate deroga în detrimentul agentului comercial.
"Legkésőbb 2006. december 31-ig az I. melléklet 5. szakaszának további felülvizsgálatára kerül sor abból a célból, hogy a legmagasabb határértékeket tovább csökkentsék, és más élelmiszerek tekintetében is legmagasabb határértékeket állapítsanak meg."";","Pct. 5 din anexa I se revizuieşte din nou până la 31 decembrie 2006 cel târziu, în scopul reducerii semnificative a nivelurilor maxime şi a posibilei stabiliri a unor niveluri maxime pentru alte alimente."";","Cel târziu până la 31 decembrie 2006, anexa I secțiunea 5 va face obiectul unei revizuiri suplimentare în scopul de a reduce în continuare valorile limită maxime și de a stabili valori limită maxime pentru alte produse alimentare."
"b) A minőség-ellenőrző rendszer keretében minden egyes PPE-t megvizsgálnak és elvégzik az A. szakasz (3) bekezdésében említett megfelelő vizsgálatot annak ellenőrzésére, hogy a védőeszköz megfelel-e az ebben az irányelvben foglalt alapvető követelményeknek.","(b) În cadrul sistemului de control al calităţii, se examinează fiecare EIP şi se efectuează testările corespunzătoare menţionate în secţiunea A alin. (3) pentru a verifica conformitatea acestora cu cerinţele esenţiale aplicabile ale prezentei directive.","b) În cadrul sistemului de control al calității, se examinează și se efectuează pentru fiecare EIP în parte încercarea adecvată menționată la punctul 3 din secțiunea A, pentru a verifica dacă echipamentul de protecție corespunde cerințelor esențiale stabilite în prezenta directivă."
"Amennyiben a 4. cikkben említett kérelemben szereplő olívaolaj-mennyiség és az 5. cikkben említett ellenőrzés során megállapított olívaolaj-mennyiség nem egyezik, az érintett tagállam állapítja meg azt az olívaolaj-mennyiséget, amelyre visszatérítés jár.","În cazul în care cantitatea de ulei de măsline menţionată în cererea prevăzută la art. 4 nu coincide cu cantitatea de ulei utilizată, stabilită în cadrul controlului prevăzut la art. 5, statul membru vizat stabileşte cantitatea de ulei de măsline pentru care se recunoaşte dreptul la restituire.","În cazul în care cantitatea de ulei de măsline menționată în cererea prevăzută la articolul 4 și cantitatea de ulei de măsline stabilită în urma controlului menționat la articolul 5 nu coincid, statul membru în cauză stabilește cantitatea de ulei de măsline pentru care se acordă rambursarea."
"tekintettel a legutóbb a 97/73/EK bizottsági irányelvvel [1] módosított, a növényvédő szerek forgalomba hozataláról szóló, 1991. július 15-i 91/414/EGK tanácsi irányelvre [2] és különösen annak 6. cikke (3) bekezdésére,","având în vedere Directiva Consiliului 91/414/CEE din 15 iulie 1991, privind introducerea pe piaţă a produselor fitofarmaceutice1, modificată ultima dată de Directiva Comisiei 97/73/CE2, în special art. 6 alin. (3),","având în vedere Directiva 91/414/CEE a Consiliului din 15 iulie 1991 privind introducerea pe piață a produselor fitofarmaceutice, astfel cum a fost modificată ultima dată prin Directiva 97/73/CE a Comisiei [1] și în special articolul 6 alineatul (3) din aceasta,"
"a Szerződés 251. cikkében megállapított eljárásnak [3] megfelelően, és az egyeztető bizottság által 2001. június 6-án jóváhagyott közös szövegtervezet figyelembevételével,","în conformitate cu procedura prevăzută în art. 251 din Tratat3, având în vedere proiectul comun aprobat de comitetul de conciliere la 6 iunie 2001,","în conformitate cu procedura stabilită la articolul 251 din Tratat [3] și ținând seama de proiectul de text comun aprobat de comitetul de conciliere la 6 iunie 2001,"
(1) A Bizottság az eljárás kezdeményezését követően vizsgálatot indít.,"(1) După iniţierea procedurii, Comisia începe o anchetă.",(1) Comisia inițiază o investigație după declanșarea procedurii.
"c) az a) és b) pontban említett módszerek hiánya esetén, valamint a pontosság, a megismételhetőség és a követhetőség miatt:","c) în lipsa uneia dintre metodele menţionate la lit. (a) şi (b) şi, din motive de acurateţe, repetabilitate şi reproductibilitate:","c) în absența metodelor menționate la lit. a) și b), precum și din motive de precizie, reproductibilitate și trasabilitate:"
"mivel legutóbb a 77/27/EGK irányelvvel [4] módosított, a friss baromfihús kereskedelmét érintő egészségügyi problémákról szóló, 1971. február 15-i 71/118/EGK irányelv [5] megállapítja a Közösségen belüli kereskedelemre, valamint a tagállamok közötti kereskedelemre szánt baromfihúsra vonatkozó vágási és ellenőrzési követelményeket;","întrucât Directiva 71/118/CEE a Consiliului din 15 februarie 1971 privind problemele de sănătate care afectează comerţul cu carne proaspătă de pasăre4, modificată ultima dată de Directiva 77/27/CEE5, prevede condiţiile de obţinere şi de inspecţie a cărnii de pasăre destinate comerţului naţional şi intracomunitar;","având în vedere în special, în ultima sa modificare, Directiva 77/27/CEE [4], Directiva 71/118/CEE din 15 februarie 1971 [5] privind problemele de sănătate publică referitoare la comerțul cu carne de pasăre proaspătă, stabilește cerințele de tăiere și inspecție pentru carnea de pasăre destinată comerțului în interiorul Comunității, precum și pentru comerțul dintre statele membre;"
A kérelmezőket a döntéssel szemben a nemzeti jog szerinti fellebbezési jog illeti meg.,Aceste decizii pot face obiectul căilor de atac în temeiul dreptului intern.,"Solicitanții au dreptul la recurs împotriva deciziei, conform legislației naționale."
"E rendelet egyedi intézkedéseket állapít meg egyes mezőgazdasági termékek tekintetében azon nehézségek orvoslására, amelyek Franciaország tengerentúli megyéinek távoli, legkülső fekvéséből és elszigetelt helyzetéből fakadnak.","Prezentul regulament stabileşte măsuri specifice pentru atenuarea dificultăţilor generate de situarea îndepărtată ultraperiferică şi de caracterul insular al departamentelor franceze de peste mări, cu privire la anumite produse agricole.","Prezentul regulament stabilește măsuri specifice pentru anumite produse agricole în scopul de a remedia dificultățile care decurg din poziția îndepărtată și periferică, precum și din izolarea departamentelor de peste mări ale Franței."
A 2837/93/EGK bizottsági rendelet a következőképpen módosul:,Regulamentul (CEE) nr. 2837/93 al Comisiei se modifică după cum urmează:,Regulamentul Comisiei (CE) nr. 2837/93 se modifică după cum urmează:
mivel az 1972. augusztus 2-i 1674/72/EGK tanácsi rendelet [2] általános szabályokat állapított meg a vetőmagra nyújtott támogatás odaítélésére és finanszírozására; mivel a vonatkozó részletes szabályok megállapítása a Bizottság feladata;,întrucât Regulamentul Consiliului (CEE) nr. 1674/72 din 2 august 19722 a stabilit normele generale de acordare şi administrare a ajutorului în sectorul seminţelor; întrucât Comisiei îi revine sarcina de a adopta modalităţile de aplicare aferente;,întrucât Regulamentul (CECA) nr. 1674/72 al Consiliului din 2 august 1972 [2] a stabilit norme generale pentru acordarea și finanțarea ajutorului pentru sămânța pentru semănat; întrucât stabilirea normelor detaliate aplicabile este sarcina Comisiei;
(1) Az 5. cikk alapján meghatározott számszerű értékeket teljesíteni kell:,(1) Valorile parametrilor stabilite în conformitate cu art. 5 trebuie respectate:,(1) Valorile numerice stabilite în conformitate cu articolul 5 trebuie îndeplinite:
a) az összes érintett vállalkozás összevont teljes világméretű forgalma meghaladja az 5 milliárd eurót; és,(a) cifra totală de afaceri realizată la nivel mondial de toate întreprinderile implicate depăşeşte 5 000 milioane EUR şi,a) cifra de afaceri totală mondială consolidată a tuturor întreprinderilor implicate depășește 5 miliarde de euro; și
A Bizottság 2236/98/EK rendelete,REGULAMENTUL COMISIEI (CE) nr. 2236/98,Regulamentul Comisiei nr. 2236/98/CE
"b) ""kisgyermek"": az egy- és hároméves kor közötti gyermek;","(b) ""copii de vârstă mică"" reprezintă copiii cu vârsta cuprinsă între un an şi trei ani;","b) ""copil mic"": copilul cu vârsta cuprinsă între un an și trei ani;"
Vállalkozások telephelyén végzett ellenőrzések,Controale la sediile întreprinderilor,Controlul efectuat la sediul întreprinderilor
"mivel célszerű ugyanilyen vizsgálatokat végezni az egyes tagállamok belső piacára szánt friss hús tekintetében is a Közösségen belüli szabad áramlás biztosítása céljából, valamint elkerülendő a közös piacszervezés alá tartozó termékek versenyének torzulását, egységes egészségvédelmi feltételeket biztosítva ugyanakkor a fogyasztók számára;","întrucât trebuie ca aceleaşi inspecţii să fie efectuate şi în cazul cărnii proaspete destinate comeţului pe piaţa internă a fiecărui stat membru, în scopul garantării liberei circulaţii în interiorul Comunităţii şi evitării denaturărilor concurenţei în ceea ce priveşte produsele supuse organizării comune a pieţelor, asigurându-se totodată consumatorilor condiţii uniforme de protecţie a sănătăţii;","întrucât este oportun să se efectueze astfel de examinări și pentru carnea proaspătă destinată pieței interne a statelor membre, în scopul de a asigura libera circulație în Comunitate și de a evita denaturarea concurenței produselor supuse organizării comune a pieței, asigurând în același timp condiții uniforme de protecție a sănătății consumatorilor;"
(2) A fellebbezési tanács(ok) feladata a 67. cikk szerinti határozatok ellen beadott fellebbezések elbírálása.,(2) Camera sau camerele de recurs sunt abilitate să decidă cu privire la recursurile formulate împotriva deciziilor prevăzute în art. 67.,(2) Sarcina consiliului (consiliilor) de apel este de a examina recursurile formulate împotriva deciziilor adoptate în conformitate cu articolul 67.
"(27) 11 konzorcium élvezte a 870/95/EK rendeletben foglalt csoportmentesség előnyeit azzal, hogy alkalmazta az abban a rendeletben foglalt kifogásolási eljárást, ami lehetővé tette a Bizottság számára különösen annak ellenőrzését, hogy ezek a konzorciumok tényleges versenynek voltak-e kitéve.","(27) Unsprezece consorţii au beneficiat de exceptarea pe categorii prevăzută în Regulamentul (CE) nr. 870/95 prin aplicarea procedurii de opunere prevăzute în acest regulament, ceea ce a permis Comisiei să se asigure în special de faptul că acele consorţii erau supuse unei concurenţe efective.","(27) 11 consorții au beneficiat de avantajele excepției de grup prevăzute în Regulamentul 870/95/CE, aplicând procedura de notificare prevăzută în respectivul regulament, ceea ce a permis Comisiei, în special, să verifice dacă aceste consorții erau supuse unei concurențe efective."
Ellenkező bizonyíték hiányában ezt a nyilatkozatot legkésőbb a benyújtását követő három munkanapon belül az illetékes nemzeti hatóság részére kézbesítettnek kell tekinteni.,"În lipsa unor probe contrarii, se consideră că această declaraţie este primită de către autoritatea naţională competentă în cel mult trei zile lucrătoare de la depunerea ei.","În lipsa unor dovezi contrare, această declarație se consideră a fi fost comunicată autorității naționale competente în termen de cel mult trei zile lucrătoare de la depunere."
"c) a vámfelügyelet melletti feldolgozási eljárás szerinti vámkivetés szabályainak hatálya alá tartozhatnak, ha az importáru ez alá az eljárás alá vonható lett volna;",(c) pot fi supuse reglementărilor privind evaluarea drepturilor prevăzute pentru regimul de transformare sub control vamal când mărfurile de import ar fi putut fi plasate sub acest regim;,"c) pot fi supuse regulilor aplicării drepturilor vamale în conformitate cu procedura de punere în liberă practică sub supraveghere vamală, dacă marfa importată ar fi putut fi plasată sub această procedură;"
A Bizottság 123/97/EK rendelete,REGULAMENTUL COMISIEI (CE) nr. 123/97,Regulamentul Comisiei 123/97/CE
"- pénzügyi eszközökre vonatkozó befektetői megrendelések átvétele és továbbítása,","- primirea şi transmiterea ordinelor investitorilor cu privire la instrumentele financiare,","- primirea și transmiterea ordinelor de investiții pentru instrumente financiare,"
"(1) Az elnök legkésőbb minden év március 31-ig továbbítja a Bizottságnak, az Európai Parlamentnek, a költségvetési bizottságnak és a Számvevőszéknek az előző pénzügyi év bevételeinek és kiadásainak mérlegét.","(1) Cel târziu la 31 martie al fiecărui an, preşedintele adresează Comisiei, Parlamentului European, comitetului bugetar şi Curţii de Conturi calculele tuturor încasărilor şi cheltuielilor Biroului pentru exerciţiul încheiat.","(1) Președintele transmite Comisiei, Parlamentului European, comisiei bugetare și Curții de Conturi, cel târziu până la data de 31 martie a fiecărui an, bilanțul veniturilor și cheltuielilor exercițiului financiar precedent."
"- ""regionális szolgáltatások"": egy régió szállítási igényeit kielégítő szállítási szolgáltatások.","- ""servicii regionale"" înseamnă serviciile de transport prestate pentru a răspunde cerinţelor de transport ale unei regiuni.","- ""servicii regionale"": servicii de transport care satisfac necesitățile de transport ale unei regiuni."
"A 2000/29/EK irányelv 4. cikkének (1) bekezdésétől eltérve, a III. melléklet A. részének 12. pontjában említett tilalmakat tekintetbe véve, a tagállamok az e határozat mellékletében meghatározott feltételek mellett engedélyezhetik a Kubából származó, nem vetőburgonyának szánt burgonya területükre történő behozatalát.","Prin derogare de la art. 4 alin. (1) din Directiva 2000/29/CE, în ceea ce priveşte interdicţiile menţionate în anexa III partea A pct. 12, statele membre pot să autorizeze introducerea pe teritoriul lor a cartofilor originari din Cuba, alţii decât cartofii destinaţi plantării, în condiţiile stabilite în anexa la prezenta decizie.","În derogare de la articolul 4 alineatul (1) din Directiva 2000/29/CE, ținând cont de interdicțiile menționate la punctul 12 din partea A a anexei III, statele membre pot autoriza, în conformitate cu condițiile stabilite în anexa la prezenta decizie, importul de cartofi din Cuba, destinați altor scopuri decât plantare, pe teritoriul lor."
ii.CSONTHÉJASOK(héjjal vagy héj nélkül),II. NUCI (curăţate sau nu),ii. COJI DE LEGUME (cu coajă sau fără coajă)
"- az 5. cikk (1) bekezdésének b) pontjában a 359 ECU összeg helyébe 433,50 ECU összeg lép,","- la art. 5 alin. (1) lit. (b), suma de 359 ECU se înlocuieşte cu suma de 433,50 ECU,","- la articolul 5 alineatul (1) litera b) suma de 359 ECU se înlocuiește cu suma de 433,50 ECU,"
"(1) A kifizetés iránti kérelmeknek a tagállamoknál a naptári év során felmerült kiadásokra kell vonatkozniuk, és ezeket a kérelmeket a következő év július 1-je előtt kell benyújtani a Bizottságnak.",1. Cererile de plată au ca obiect cheltuielile statelor membre dintr-un an calendaristic şi sunt prezentate Comisiei până la data de 1 iulie din anul următor.,(1) Cererile de plată trebuie să se refere la cheltuielile efectuate de statele membre pe parcursul anului calendaristic și trebuie depuse la Comisie până la 1 iulie a anului următor.
"(2) Ha a tagállamok törvényei a társaság számára közvetlenül, illetve a saját nevében, de a társaság számlájára eljáró személy révén lehetővé teszik saját részvényei megszerzését, a törvényeknek elő kell írniuk, hogy az éves mérlegben legalább a következő adatok szerepeljenek:","(2) Dacă legislaţia statului membru permite unei societăţi să-şi achiziţioneze propriile acţiuni, fie direct, fie prin intermediul unei persoane acţionând în nume propriu, dar în contul societăţii, ea va impune ca raportul anual să menţioneze cel puţin următoarele:","(2) Dacă legile statelor membre permit societății să dobândească propriile acțiuni, direct sau indirect, prin intermediul unei persoane care acționează în nume propriu, dar pe contul societății, legile trebuie să prevadă ca în bilanțul anual să fie incluse cel puțin următoarele informații:"
1 _BAR_ Nem energiahordozó ásványok kitermelése (beleértve a fémércek előkészítését és a tőzeg kitermelését); nem fémes ásványi termékek előállítása (beleértve az üveg és üvegáru gyártását) _BAR_,Extracţia de minerale care nu produc energie (inclusiv prepararea de minereuri metalifere şi extracţie de turbă); fabricarea de produse minerale nemetalice (inclusiv fabricarea de sticlă şi produse de sticlărie),1 _BAR_ Extracția minereurilor neenergetice (inclusiv pregătirea minereurilor metalice și extracția turbăriilor); producerea produselor minerale ne-metalice (inclusiv fabricarea sticlei și a articolelor de sticlă) _BAR_
"b) ""jogi személy"" minden, az alkalmazandó jog alapján ilyen jogállással rendelkező jogalany, kivéve az államokat, illetve az egyéb, közhatalmi jogosítványokat gyakorló közjogi testületeket, valamint a közjogi nemzetközi szervezeteket.","(b) ""persoană juridică"" reprezintă orice entitate având un astfel de statut prin legislaţia aplicabilă, cu excepţia statelor sau altor organisme publice în exercitarea autorităţii statului şi a organizaţiilor publice internaţionale.","b) ""persoană juridică"" orice entitate care are o astfel de calitate juridică în temeiul dreptului aplicabil, cu excepția statelor, a altor organisme publice care exercită prerogative publice, precum și a organizațiilor internaționale de drept public."
"(3) Az adminisztratív eljárások egyszerűsítése érdekében lehetővé kell tenni a tagállamok számára, hogy egységes kombinált támogatást folyósítsanak a gazdálkodók számára, amely a szóban forgó egyszerűsített rendszer keretében, valamint az egyéb támogatási rendszerek keretében odaítélt támogatásokat egyaránt magában foglalja.","(3) Pentru a simplifica procedurile administrative, statelor membre ar trebui să li se permită să efectueze plăţi individuale combinate către fermierii participanţi, acoperind ajutoarele acordate în cadrul acestui program simplificat şi cele acordate în cadrul altor programe de ajutor.","(3) În scopul simplificării procedurilor administrative, ar trebui să se permită statelor membre să acorde o plată unică combinată agricultorilor, care să cuprindă atât plățile acordate în cadrul sistemului simplificat respectiv, cât și cele acordate în cadrul altor scheme de sprijin."
A kérelmek benyújtására meghatározott időtartam kezdete előtt össze kell állítani és az Európai Közösségek Hivatalos Lapjában közzé kell tenni a szempontrendszert.,Criteriile sunt elaborate şi publicate în Jurnalul Oficial al Comunităţilor Europene înainte de începerea perioadei de depunere a cererilor.,Sistemul de criterii trebuie întocmit și publicat în Jurnalul Oficial al Comunităților Europene înainte de începerea perioadei stabilite pentru depunerea cererilor.
3. szakasz: A bevezetésből eredő kötelezettségeiket nem teljesítő kibocsátók elleni fellépés…,13 Secţiunea 3: Măsuri în cazul nerespectării de către emitent a obligaţiilor care decurg din admitere........................................................................................... 14,Articolul 3: Acțiunea împotriva emitenților care nu își îndeplinesc obligațiile care decurg din admiterea la tranzacționare…
"(3) Ha a VIR-partner, aki ellen pontatlan adatok miatt keresetet nyújtottak be, nem vett fel ilyen adatokat, az érintett partnerek megállapodásra törekednek a tekintetben, hogy a kártérítésként kifizetett összeget – ha van ilyen – milyen arányban köteles az a partner visszafizetni a másik félnek, aki az adatokat felvette.","(3) Dacă partenerul CIS împotriva căruia s-au adus acuzaţii cu privire la date incorecte nu a furnizat aceste date, partenerii în cauză trebuie să ajungă la un acord cu privire la procentul, dacă acesta există, din sumele plătite drept compensaţie care se rambursează celuilalt partener de către partenerul care a furnizat datele.","(3) Dacă partenerul VIR, împotriva căruia s-a introdus o acțiune din cauza unor date inexacte, nu a preluat astfel de date, părțile implicate vor căuta să ajungă la un acord cu privire la modul în care partenerul respectiv trebuie să restituie celeilalte părți, care a preluat datele, suma plătită cu titlu de despăgubire, dacă este cazul, și care va fi proporția în care aceasta urmează să o facă."
"mivel a tapasztalat azt mutatta, hogy a 103/76/EGK rendeletben megállapított, a közös forgalmazásra vonatkozó előírások egységesebb alkalmazásához szükség van az alkalmazással kapcsolatos bizonyos rendelkezések pontosítására;","întrucât experienţa dobândită a arătat că este necesar să se precizeze anumite dispoziţii privind aplicarea normelor comune de comercializare, stabilite de Regulamentul (CEE) nr.103/76 pentru a se asigura o şi mai bună armonizare a aplicării acestor norme în statele membre;","întrucât experiența a arătat că pentru o aplicare mai uniformă a dispozițiilor referitoare la comercializarea comună, stabilite prin Regulamentul (CEC) nr. 103/76, este necesară clarificarea anumitor dispoziții referitoare la aplicare;"
mivel az ennek az irányelvnek a hatálya alá tartozó termékek meghatározásának az ezen termékeknek a fent említett ajánlásokban megállapított meghatározásán kell alapulnia;,"întrucât definirea produselor prevăzute în prezenta directivă trebuie să se bazeze pe definiţiile acestor produse aşa cum sunt prevăzute în recomandările menţionate anterior,","întrucât definiția produselor care intră sub incidența prezentei directive trebuie să se bazeze pe definiția acestor produse, astfel cum a fost stabilită în recomandările menționate anterior;"
mivel a megvásárolt törzseket külön bankokban kell tárolni;,întrucât este recomandabil ca tulpinile achiziţionate să fie stocate în bănci diferite;,întrucât materialul săditor cumpărat trebuie păstrat în bănci separate;
f) a kedvezményezett nevét helyesen tüntették fel.,(f) denumirea şi descrierea creditorului sunt corecte.,f) numele beneficiarului a fost indicat corect.
"A Bizottság közzéteszi az Európai Közösség Hivatalos Lapjában a bejelentett szervezetek listáját, azonosító számukkal és a rájuk ruházott feladatokkal.","Comisia publică in Jurnalul Oficial al Comunităţilor Europene lista organismelor notificate, numerele acestora de identificare şi sarcinile pentru care au fost notificate.","Comisia publică în Jurnalul Oficial al Comunității Europene lista organismelor notificate, numărul lor de identificare și sarcinile care le-au fost atribuite."
(7) A közvetett tevékenységekre vonatkozóan benyújtott ajánlatokat az értékelés eredményei alapján és a rendelkezésre álló közösségi pénzalapra tekintettel választják ki.,7. Propunerile de acţiuni indirecte sunt selectate în temeiul rezultatelor evaluării şi având în vedere fondurile comunitare disponibile.,(7) Propunerile depuse pentru activitățile indirecte sunt selectate pe baza rezultatelor evaluării și ținând cont de fondurile comunitare disponibile.
(2002. szeptember 6.),din 6 septembrie 2002,(6 septembrie 2002)
E rendelkezéseket 1977. január 1-jétől kell alkalmazni.,Statele membre aplică aceste dispoziţii începând cu 1 ianuarie 1977.,Prevederile se aplică de la 1 ianuarie 1977.
"(6) Indokolt továbbá az alap finanszírozására alkalmazott levonást 2003-ban 3 %-ra emelni azért, hogy növeljék a rendelkezésre álló költségvetési eszközöket a dohányfogyasztás káros hatásaira vonatkozó tájékoztató intézkedések és a más termelésre való áttérést célzó kezdeményezések finanszírozása céljából.","(6) Se recomandă, de asemenea, să se mărească deducerea folosită pentru finanţarea acestui fond la 3 % în 2003 pentru a întări mijloacele bugetare disponibile pentru finanţarea acţiunilor de informare cu privire la efectele nocive ale consumului de tutun şi la iniţiativele de reconversie a producţiei.","(6) Se justifică, de asemenea, majorarea cuantumului reținerii aplicate finanțării de bază la 3 % în 2003, în scopul de a spori resursele bugetare disponibile pentru finanțarea măsurilor de informare cu privire la efectele dăunătoare ale consumului de tutun și a inițiativelor de diversificare către alte producții."
"1,3 bis(4 metoxi-fenil)-propán-1,3 dion","1,3-di-4-metoxifenil-1,3 propandionă","1,3 bis(4 metoxifenil)propan-1,3 dion"
"Helyénvaló egyetlen összefonódásként kezelni azokat az ügyleteket, amelyek szorosan kapcsolódnak egymáshoz, mivel egy feltételen keresztül kötődnek egymáshoz, valamint értékpapírügyletek kellően rövid időn belül lebonyolított sorozatának formáját öltik.","În plus, este oportun ca tranzacţiile care sunt strâns legate între ele printr-o legătură condiţională sau care iau forma unei serii de tranzacţii cu valori mobiliare desfăşurate pe parcursul unei perioade de timp rezonabil de scurte să fie tratate ca fiind concentrări individuale.","Este oportun să se trateze ca o singură concentrare economică tranzacțiile care sunt strâns legate între ele, deoarece sunt condiționate reciproc, precum și sub forma unei serii de tranzacții cu instrumente financiare încheiate într-un interval de timp suficient de scurt."
Hosszú távú tartózkodásra jogosító vízum iránti kérelem esetében is lehet alkalmazni a lebélyegzést.,Ştampila se poate aplica şi în cazul cererilor de viză pentru şedere îndelungată.,"În cazul unei cereri de viză pentru ședere pe termen lung, se poate aplica și ștampila."
A Tanács 92/46/EGK irányelve,Directiva Consiliului 92/46/CEE,Directiva 92/46/CEE a Consiliului
"(3) Ez a csoport magában foglalja az áruk, illetőleg szolgáltatások vételére, illetve eladására irányuló vertikális megállapodásokat, amennyiben ezek a megállapodások nem versenytárs vállalkozások között, illetőleg bizonyos versenytársak között jöttek létre, vagy árukat értékesítő kiskereskedők egyes társulásai által kötött megállapodások; magában foglalja továbbá azokat a vertikális megállapodásokat is, amelyek a szellemi tulajdonjogok átruházására vagy hasznosítására vonatkozó járulékos rendelkezéseket tartalmaznak; e rendelet alkalmazásában a ""vertikális megállapodások"" kifejezés magában foglalja a megfelelő összehangolt magatartásokat is.","(3) Această categorie include acorduri verticale pentru cumpărare ori vânzare de bunuri sau servicii, acordurile fiind încheiate între întreprinderi neconcurente, între anumiţi competitori ori între anumite asociaţii de vânzători cu amănuntul; ea include de asemenea acorduri verticale care conţin prevederi auxiliare privind transferul sau utilizarea drepturilor de proprietate intelectuală; în sensul prezentului regulament termenul de ""acorduri verticale"" include practicile concertate corespunzătoare.","(3) Acest grup include acordurile verticale referitoare la cumpărarea sau vânzarea de bunuri sau servicii, în măsura în care aceste acorduri nu sunt încheiate între întreprinderi concurente sau între anumiți concurenți, sau acordurile încheiate de asociații de detailiști care vând bunuri; include, de asemenea, acordurile verticale care conțin dispoziții accesorii referitoare la transferul sau exploatarea drepturilor de proprietate intelectuală; în sensul prezentului regulament, termenul ""acorduri verticale"" include și comportamentele coordonate corespunzătoare."
"Azt a követelményt azonban, miszerint a 3. cikk (2) bekezdésében említett nemzetközi ellenőrző és felügyelő szerv jóváhagyásának és ellenőrzésének a 800/1999/EK rendelet 16. cikke a) pontjával és 16. cikke f) pontjával összhangban kell történnie, a 2004. január 1-jétől elfogadott kiviteli nyilatkozatokra kell alkalmazni.","Totuşi, obligaţia de conformitate a desemnării şi a controlului societăţii specializate pe plan internaţional în domeniul controlului şi supravegherii, menţionată în art. 3 alin. (2) cu dispoziţiile art. 16 a-16 f din Regulamentul (CE) nr. 800/1999 se aplică declaraţiilor de export acceptate începând cu 1 ianuarie 2004.","Cerința ca aprobarea și controlul organismului internațional de control și supraveghere menționat la articolul 3 alineatul (2) să fie efectuate în conformitate cu articolul 16 litera (a) și litera (f) din Regulamentul (CE) nr. 800/1999, se aplică declarațiilor vamale de export acceptate începând cu 1 ianuarie 2004."
mivel a 79/32/EGK irányelv [5] meghatározta a dohánygyártmány különböző csoportjait;,întrucât Directiva 79/32/CEE5 a stabilit definiţiile referitoare la diferitele grupe de tutun prelucrat;,întrucât Directiva 79/32/CEE [5] a definit diferitele categorii de produse din tutun;
"(1) A bizottság az összes tagállamból kinevezett legfeljebb 21 tagból áll, akik a 2. cikkben szereplő megbízatás teljesítéséhez szükséges szakterületek teljes körét képviselik, beleértve különösen a vegyészetet, toxikológiát, járványtant, foglalkozás-egészségügyet és ipari higiéniát, valamint általános hozzáértéssel rendelkeznek az OEL-ek meghatározásában.","1. Comitetul este format din cel mult 21 de membri care provin din toate statele membre şi reflectă întreaga gamă de cunoştinţe ştiinţifice necesare pentru îndeplinirea mandatului prevăzut la art. 2, printre care se numără în mod deosebit cunoştinţele de chimie, toxicologie, epidemiologie, medicina muncii şi igiena industrială, precum şi competenţa generală în stabilirea LEP.","(1) Comisia este alcătuită din maximum 21 de membri numiți din toate statele membre, care reprezintă întreaga gamă de domenii de specialitate necesare pentru îndeplinirea mandatului prevăzut la articolul 2, inclusiv, în special, chimie, toxicologie, epidemiologie, sănătate ocupațională și igienă industrială, precum și o experiență generală în stabilirea VLE."
621. cikk,Articolul 621,Articolul 621
"Ha nagyobb változásról van szó, a tagállamok megkövetelhetik vagy megengedhetik, hogy ezt a kötelezettséget módosított nyitómérleg és módosított eredménykimutatás elkészítésével teljesítsék.","Dacă modificarea este importantă, statele membre pot să impună sau să permită îndeplinirea acestei obligaţii prin elaborarea unui bilanţ de deschidere adaptat şi a unui cont de profit şi pierderi adaptat.","În cazul unor schimbări majore, statele membre pot cere sau permite ca această obligație să fie îndeplinită prin elaborarea unui bilanț inițial modificat și a unui cont de profit și pierdere modificat."
"A tagállamok azonban – a Szerződésnek megfelelően – ezen irányelvben említett traktorok meghatározott alkalmazására bevezethetnek bizonyos korlátozásokat, ha ezt a biztonság megköveteli meghatározott talaj-, vagy növényi termékek sajátosságai miatt.","Cu toate acestea, în baza tratatului, statele membre pot impune restricţii la utilizarea locală a tractoarelor la care se face referire în prezenta directivă din motive de securitate datorate specificului anumitor terenuri sau anumitor culturi.","Statele membre pot introduce însă, în conformitate cu Tratatul, anumite restricții cu privire la anumite utilizări ale tractoarelor menționate în prezenta directivă, în cazul în care acest lucru este impus de necesități de securitate datorate unor caracteristici specifice ale solului sau ale produselor vegetale."
A kiegészítő jegyzőkönyv szövegét csatolták e határozathoz.,Textul protocolului adiţional se anexează la prezenta decizie.,Textul protocolului adițional este anexat la prezenta decizie.
"Az Ügynökségnek tanácsokat kell adnia a tudatosság növelése, a képzés és a tanfolyamok terén folytatott legjobb gyakorlattal kapcsolatban.","Agenţia urmează să furnizeze consultanţă privitor la cele mai bune practici privind sensibilizarea utilizatorilor, instruire şi cursuri.","Agenția trebuie să ofere sfaturi cu privire la cele mai bune practici în materie de conștientizare, formare și cursuri."
"Tájékoztatja a bizottságot arról, hogy véleményét milyen módon vette figyelembe.",Aceasta informează comitetul despre modul în care avizul este luat în considerare.,Îl informează pe comitet cu privire la modul în care a luat în considerare avizul său.
c) a friss málnatermékek piacában rejlő lehetőségek fejlesztésének vizsgálata:,(c) efectuarea unei anchete asupra potenţialului de dezvoltare a pieţei produselor din zmeură proaspătă:,c) examinarea oportunităților de dezvoltare a pieței produselor proaspete de mărăcine
"(1) Az e rendelet alapján kivetett dömpingellenes vámok kiterjeszthetők a hasonló termékek vagy azok részeinek harmadik országokból érkező behozatalára, ha a hatályban levő intézkedéseket kijátsszák.",1. Taxele antidumping instituite în conformitate cu prezentul regulament se pot aplica şi importurilor de produse similare care provin din ţări terţe sau părţilor din aceste produse atunci când măsurile în vigoare sunt deformate.,"(1) Taxele antidumping instituite în conformitate cu prezentul regulament pot fi extinse la importurile de produse similare sau părți ale acestora provenite din țări terțe, în cazul în care măsurile în vigoare sunt eludate."
b) viteldíjtáblázat;,(b) baremurile tarifare;,b) tabelul taxelor de transport;
a kukoricakeményítő-gyártás maradékainak az Amerikai Egyesült Államokból történő behozataláról,"privind importul de reziduuri provenite din obţinerea amidonului din porumb, din Statele Unite ale Americii",despre importul de reziduuri din producția de amidon de porumb din Statele Unite ale Americii
"ii) a repülőjegy ára turistaosztályon, ha a repülőgéppel megtett teljes távolság meghaladja a 800 km-t, vagy az útvonal tenger fölött halad;","(ii) costul transportului cu avionul la clasa ""turist"", dacă distanţa totală pe itinerarul feroviar depăşeşte 800 km sau dacă itinerarul include o porţiune maritimă;","ii) prețul biletului de avion în clasa turistică, dacă distanța totală parcursă cu avionul depășește 800 km sau traseul trece pe deasupra mării;"
v.LEVELES ZÖLDSÉGEK ÉS FRISS FŰSZERNÖVÉNYEK,v) LEGUME CU FRUNZE ŞI VERDEŢURI FINE,v. LEGUME VERZI ȘI PLANTE AROMATICE PROASPETE
"Ezt követően minden alkalommal, amikor ilyen fizetésre kerül sor, értesíti a tagállamot a fizetett összegről.","În continuare, trebuie să notifice statul membru cu privire la valoarea oricăror plăţi suplimentare, la fiecare efectuare a unei asemenea plăţi.","Ulterior, de fiecare dată când are loc o astfel de plată, va informa statul membru cu privire la suma plătită."
Ebben az esetben a Bizottság az általa meghatározott intézkedések alkalmazását az ügynek a Tanács elé való utalásától számított három hónapos időtartamra elhalasztja.,"În astfel de situaţii, Comisia amână aplicarea măsurilor pe care le-a decis timp de trei luni de la data trimiterii la Consiliu.","În acest caz, Comisia amână aplicarea măsurilor stabilite de aceasta pentru o perioadă de trei luni de la trimiterea cauzei în fața Consiliului."
Ennek az irányelvnek az alkalmazása során a tagállamok jogszabályainak biztosítaniuk kell az egyenlő bánásmódot valamennyi azonos helyzetű részvényes számára.,"În scopul punerii în aplicare a prezentei directive, legislaţiile statelor membre asigură tratamentul egal al tuturor acţionarilor aflaţi în condiţii identice.","În aplicarea prezentei directive, statele membre trebuie să se asigure că legislațiile lor oferă un tratament egal pentru toți acționarii care se află în situații identice."
A biztonsági útmutatások (S-mondatok),Fraze de siguranţă (fraze S),Instrucțiunile de securitate (frazele S)
